[{"model": "contenttypes.contenttype", "pk": 1, "fields": {"app_label": "admin", "model": "logentry"}}, {"model": "contenttypes.contenttype", "pk": 2, "fields": {"app_label": "auth", "model": "permission"}}, {"model": "contenttypes.contenttype", "pk": 3, "fields": {"app_label": "auth", "model": "group"}}, {"model": "contenttypes.contenttype", "pk": 4, "fields": {"app_label": "auth", "model": "user"}}, {"model": "contenttypes.contenttype", "pk": 5, "fields": {"app_label": "contenttypes", "model": "contenttype"}}, {"model": "contenttypes.contenttype", "pk": 6, "fields": {"app_label": "sessions", "model": "session"}}, {"model": "contenttypes.contenttype", "pk": 7, "fields": {"app_label": "bebidas", "model": "bebida"}}, {"model": "contenttypes.contenttype", "pk": 8, "fields": {"app_label": "bebidas", "model": "tamanhobebida"}}, {"model": "contenttypes.contenttype", "pk": 9, "fields": {"app_label": "bebidas", "model": "bebidatamanhobebida"}}, {"model": "contenttypes.contenttype", "pk": 10, "fields": {"app_label": "pizzas", "model": "ingrediente"}}, {"model": "contenttypes.contenttype", "pk": 11, "fields": {"app_label": "pizzas", "model": "saborborda"}}, {"model": "contenttypes.contenttype", "pk": 12, "fields": {"app_label": "pizzas", "model": "saborpizza"}}, {"model": "contenttypes.contenttype", "pk": 13, "fields": {"app_label": "pizzas", "model": "tamanhopizza"}}, {"model": "contenttypes.contenttype", "pk": 14, "fields": {"app_label": "pizzas", "model": "tipopizza"}}, {"model": "contenttypes.contenttype", "pk": 15, "fields": {"app_label": "pizzas", "model": "saborpizzaingrediente"}}, {"model": "contenttypes.contenttype", "pk": 16, "fields": {"app_label": "pizzas", "model": "saborbordaingrediente"}}, {"model": "contenttypes.contenttype", "pk": 17, "fields": {"app_label": "pessoas", "model": "endereco"}}, {"model": "contenttypes.contenttype", "pk": 18, "fields": {"app_label": "pessoas", "model": "entregador"}}, {"model": "contenttypes.contenttype", "pk": 19, "fields": {"app_label": "pessoas", "model": "cliente"}}, {"model": "contenttypes.contenttype", "pk": 20, "fields": {"app_label": "pedidos", "model": "formadepagamento"}}, {"model": "contenttypes.contenttype", "pk": 21, "fields": {"app_label": "pedidos", "model": "statuspedido"}}, {"model": "contenttypes.contenttype", "pk": 22, "fields": {"app_label": "pedidos", "model": "pedido"}}, {"model": "contenttypes.contenttype", "pk": 23, "fields": {"app_label": "pedidos", "model": "itempizza"}}, {"model": "contenttypes.contenttype", "pk": 24, "fields": {"app_label": "pedidos", "model": "itembebida"}}, {"model": "sessions.session", "pk": "6472aulx44h4ub47165uv01f03plz73z", "fields": {"session_data": "Yzk2ZmZjYWU2ZTQ1Mjg0ZDViMDI2MjNmOWMyMWI5OWQ5YzgxMDI1Yzp7Il9hdXRoX3VzZXJfaWQiOiIxIiwiX2F1dGhfdXNlcl9iYWNrZW5kIjoiZGphbmdvLmNvbnRyaWIuYXV0aC5iYWNrZW5kcy5Nb2RlbEJhY2tlbmQiLCJfYXV0aF91c2VyX2hhc2giOiI5ZWUwYzQwMGNhNGYzOTVkNTg4NjFjN2IyNGUyOTExZmRmOTM1ODRiIn0=", "expire_date": "2019-12-15T20:24:09.794"}}, {"model": "sessions.session", "pk": "7vw8x4avhxt4z84pqmbnc0sw97yrxtz4", "fields": {"session_data": "Yzk2ZmZjYWU2ZTQ1Mjg0ZDViMDI2MjNmOWMyMWI5OWQ5YzgxMDI1Yzp7Il9hdXRoX3VzZXJfaWQiOiIxIiwiX2F1dGhfdXNlcl9iYWNrZW5kIjoiZGphbmdvLmNvbnRyaWIuYXV0aC5iYWNrZW5kcy5Nb2RlbEJhY2tlbmQiLCJfYXV0aF91c2VyX2hhc2giOiI5ZWUwYzQwMGNhNGYzOTVkNTg4NjFjN2IyNGUyOTExZmRmOTM1ODRiIn0=", "expire_date": "2019-12-15T18:19:27.606"}}, {"model": "sessions.session", "pk": "ec8zcy8gjkjgf3jg6yo3hlk8jc1cm991", "fields": {"session_data": "Yzk2ZmZjYWU2ZTQ1Mjg0ZDViMDI2MjNmOWMyMWI5OWQ5YzgxMDI1Yzp7Il9hdXRoX3VzZXJfaWQiOiIxIiwiX2F1dGhfdXNlcl9iYWNrZW5kIjoiZGphbmdvLmNvbnRyaWIuYXV0aC5iYWNrZW5kcy5Nb2RlbEJhY2tlbmQiLCJfYXV0aF91c2VyX2hhc2giOiI5ZWUwYzQwMGNhNGYzOTVkNTg4NjFjN2IyNGUyOTExZmRmOTM1ODRiIn0=", "expire_date": "2019-12-16T11:31:53.985"}}, {"model": "sessions.session", "pk": "wjfoo86nxb8wscalqxj1s4n98ujrmap9", "fields": {"session_data": "Yzk2ZmZjYWU2ZTQ1Mjg0ZDViMDI2MjNmOWMyMWI5OWQ5YzgxMDI1Yzp7Il9hdXRoX3VzZXJfaWQiOiIxIiwiX2F1dGhfdXNlcl9iYWNrZW5kIjoiZGphbmdvLmNvbnRyaWIuYXV0aC5iYWNrZW5kcy5Nb2RlbEJhY2tlbmQiLCJfYXV0aF91c2VyX2hhc2giOiI5ZWUwYzQwMGNhNGYzOTVkNTg4NjFjN2IyNGUyOTExZmRmOTM1ODRiIn0=", "expire_date": "2019-12-16T19:09:00.007"}}, {"model": "sessions.session", "pk": "wu6y4yme0cl6m2q1d0zf88hck8ys5xdr", "fields": {"session_data": "Yzk2ZmZjYWU2ZTQ1Mjg0ZDViMDI2MjNmOWMyMWI5OWQ5YzgxMDI1Yzp7Il9hdXRoX3VzZXJfaWQiOiIxIiwiX2F1dGhfdXNlcl9iYWNrZW5kIjoiZGphbmdvLmNvbnRyaWIuYXV0aC5iYWNrZW5kcy5Nb2RlbEJhY2tlbmQiLCJfYXV0aF91c2VyX2hhc2giOiI5ZWUwYzQwMGNhNGYzOTVkNTg4NjFjN2IyNGUyOTExZmRmOTM1ODRiIn0=", "expire_date": "2019-12-16T20:17:03.110"}}, {"model": "sessions.session", "pk": "ymx0q1d4js325s5uk0ccu9ofmobkqru9", "fields": {"session_data": "Yzk2ZmZjYWU2ZTQ1Mjg0ZDViMDI2MjNmOWMyMWI5OWQ5YzgxMDI1Yzp7Il9hdXRoX3VzZXJfaWQiOiIxIiwiX2F1dGhfdXNlcl9iYWNrZW5kIjoiZGphbmdvLmNvbnRyaWIuYXV0aC5iYWNrZW5kcy5Nb2RlbEJhY2tlbmQiLCJfYXV0aF91c2VyX2hhc2giOiI5ZWUwYzQwMGNhNGYzOTVkNTg4NjFjN2IyNGUyOTExZmRmOTM1ODRiIn0=", "expire_date": "2019-12-16T10:12:47.414"}}, {"model": "bebidas.tamanhobebida", "pk": 1, "fields": {"nome": "2 litros", "ordem": 4, "disponivel": true}}, {"model": "bebidas.tamanhobebida", "pk": 2, "fields": {"nome": "1 litro", "ordem": 3, "disponivel": true}}, {"model": "bebidas.tamanhobebida", "pk": 3, "fields": {"nome": "350 ml", "ordem": 2, "disponivel": true}}, {"model": "bebidas.tamanhobebida", "pk": 4, "fields": {"nome": "250ml", "ordem": 1, "disponivel": false}}, {"model": "bebidas.bebida", "pk": 1, "fields": {"nome": "Coca Cola", "disponivel": true}}, {"model": "bebidas.bebida", "pk": 2, "fields": {"nome": "Fanta", "disponivel": false}}, {"model": "bebidas.bebida", "pk": 3, "fields": {"nome": "Guaran\u00e1", "disponivel": true}}, {"model": "bebidas.bebidatamanhobebida", "pk": 1, "fields": {"tamanho_bebida": 2, "bebida": 1, "preco": "8.00", "disponivel": true}}, {"model": "bebidas.bebidatamanhobebida", "pk": 2, "fields": {"tamanho_bebida": 1, "bebida": 2, "preco": "8.00", "disponivel": true}}, {"model": "bebidas.bebidatamanhobebida", "pk": 3, "fields": {"tamanho_bebida": 1, "bebida": 3, "preco": "8.00", "disponivel": true}}, {"model": "bebidas.bebidatamanhobebida", "pk": 5, "fields": {"tamanho_bebida": 1, "bebida": 1, "preco": "10.00", "disponivel": true}}, {"model": "pizzas.ingrediente", "pk": 1, "fields": {"nome": "Calabresa", "qt_estoque": "9415.00", "qt_minima": "1000.00", "qt_maxima": "50000.00", "un_medida": "gramas"}}, {"model": "pizzas.ingrediente", "pk": 2, "fields": {"nome": "Molho Tomate", "qt_estoque": "9805.00", "qt_minima": "4000.00", "qt_maxima": "20000.00", "un_medida": "ml"}}, {"model": "pizzas.ingrediente", "pk": 3, "fields": {"nome": "Mussarela", "qt_estoque": "8765.00", "qt_minima": "1000.00", "qt_maxima": "50000.00", "un_medida": "gramas"}}, {"model": "pizzas.ingrediente", "pk": 4, "fields": {"nome": "Mussarela", "qt_estoque": "10000.00", "qt_minima": "1000.00", "qt_maxima": "50000.00", "un_medida": "gramas"}}, {"model": "pizzas.ingrediente", "pk": 5, "fields": {"nome": "Tomate picado", "qt_estoque": "10000.00", "qt_minima": "1000.00", "qt_maxima": "50000.00", "un_medida": "gramas"}}, {"model": "pizzas.ingrediente", "pk": 6, "fields": {"nome": "Frango", "qt_estoque": "10000.00", "qt_minima": "1000.00", "qt_maxima": "50000.00", "un_medida": "gramas"}}, {"model": "pizzas.ingrediente", "pk": 7, "fields": {"nome": "Catupiry", "qt_estoque": "8752.50", "qt_minima": "1000.00", "qt_maxima": "50000.00", "un_medida": "gramas"}}, {"model": "pizzas.ingrediente", "pk": 8, "fields": {"nome": "Peperoni", "qt_estoque": "10000.00", "qt_minima": "1000.00", "qt_maxima": "50000.00", "un_medida": "gramas"}}, {"model": "pizzas.ingrediente", "pk": 9, "fields": {"nome": "Bacon", "qt_estoque": "9760.00", "qt_minima": "1000.00", "qt_maxima": "50000.00", "un_medida": "gramas"}}, {"model": "pizzas.ingrediente", "pk": 10, "fields": {"nome": "Cheedar", "qt_estoque": "9700.00", "qt_minima": "1000.00", "qt_maxima": "50000.00", "un_medida": "gramas"}}, {"model": "pizzas.ingrediente", "pk": 11, "fields": {"nome": "Chocolate", "qt_estoque": "10000.00", "qt_minima": "1000.00", "qt_maxima": "50000.00", "un_medida": "gramas"}}, {"model": "pizzas.ingrediente", "pk": 12, "fields": {"nome": "Chocolate Branco", "qt_estoque": "10000.00", "qt_minima": "1000.00", "qt_maxima": "50000.00", "un_medida": "gramas"}}, {"model": "pizzas.ingrediente", "pk": 13, "fields": {"nome": "Parmes\u00e3o", "qt_estoque": "10000.00", "qt_minima": "1000.00", "qt_maxima": "50000.00", "un_medida": "gramas"}}, {"model": "pizzas.ingrediente", "pk": 14, "fields": {"nome": "Banana", "qt_estoque": "10000.00", "qt_minima": "1000.00", "qt_maxima": "50000.00", "un_medida": "gramas"}}, {"model": "pizzas.ingrediente", "pk": 15, "fields": {"nome": "Salaminho", "qt_estoque": "10000.00", "qt_minima": "1000.00", "qt_maxima": "50000.00", "un_medida": "gramas"}}, {"model": "pizzas.ingrediente", "pk": 16, "fields": {"nome": "Oreg\u00e2no", "qt_estoque": "10000.00", "qt_minima": "1000.00", "qt_maxima": "50000.00", "un_medida": "gramas"}}, {"model": "pizzas.ingrediente", "pk": 17, "fields": {"nome": "Milho Verde", "qt_estoque": "9902.50", "qt_minima": "1000.00", "qt_maxima": "50000.00", "un_medida": "gramas"}}, {"model": "pizzas.ingrediente", "pk": 18, "fields": {"nome": "Ervilha", "qt_estoque": "10000.00", "qt_minima": "1000.00", "qt_maxima": "50000.00", "un_medida": "gramas"}}, {"model": "pizzas.ingrediente", "pk": 19, "fields": {"nome": "Ervilha", "qt_estoque": "10000.00", "qt_minima": "1000.00", "qt_maxima": "50000.00", "un_medida": "gramas"}}, {"model": "pizzas.ingrediente", "pk": 20, "fields": {"nome": "Fil\u00e9 Agulha", "qt_estoque": "10000.00", "qt_minima": "1000.00", "qt_maxima": "50000.00", "un_medida": "gramas"}}, {"model": "pizzas.ingrediente", "pk": 21, "fields": {"nome": "Farinha de trigo", "qt_estoque": "9610.00", "qt_minima": "1000.00", "qt_maxima": "50000.00", "un_medida": "gramas"}}, {"model": "pizzas.ingrediente", "pk": 22, "fields": {"nome": "Oleo de Soja", "qt_estoque": "20000.00", "qt_minima": "1000.00", "qt_maxima": "20000.00", "un_medida": "ml"}}, {"model": "pizzas.ingrediente", "pk": 23, "fields": {"nome": "Batata Frita", "qt_estoque": "10000.00", "qt_minima": "1000.00", "qt_maxima": "50000.00", "un_medida": "gramas"}}, {"model": "pizzas.ingrediente", "pk": 24, "fields": {"nome": "Presunto Picado", "qt_estoque": "10000.00", "qt_minima": "1000.00", "qt_maxima": "50000.00", "un_medida": "gramas"}}, {"model": "pizzas.ingrediente", "pk": 25, "fields": {"nome": "Azeitona", "qt_estoque": "10000.00", "qt_minima": "1000.00", "qt_maxima": "50000.00", "un_medida": "gramas"}}, {"model": "pizzas.ingrediente", "pk": 26, "fields": {"nome": "Azeitona Picada", "qt_estoque": "10000.00", "qt_minima": "1000.00", "qt_maxima": "50000.00", "un_medida": "gramas"}}, {"model": "pizzas.ingrediente", "pk": 27, "fields": {"nome": "Palmito", "qt_estoque": "10000.00", "qt_minima": "1000.00", "qt_maxima": "50000.00", "un_medida": "gramas"}}, {"model": "pizzas.ingrediente", "pk": 28, "fields": {"nome": "Piment\u00e3o Verde", "qt_estoque": "10000.00", "qt_minima": "1000.00", "qt_maxima": "50000.00", "un_medida": "gramas"}}, {"model": "pizzas.ingrediente", "pk": 29, "fields": {"nome": "Piment\u00e3o Vermelho", "qt_estoque": "10000.00", "qt_minima": "1000.00", "qt_maxima": "50000.00", "un_medida": "gramas"}}, {"model": "pizzas.ingrediente", "pk": 30, "fields": {"nome": "Batata Palha", "qt_estoque": "10000.00", "qt_minima": "1000.00", "qt_maxima": "50000.00", "un_medida": "gramas"}}, {"model": "pizzas.ingrediente", "pk": 31, "fields": {"nome": "M&M", "qt_estoque": "10000.00", "qt_minima": "1000.00", "qt_maxima": "50000.00", "un_medida": "gramas"}}, {"model": "pizzas.ingrediente", "pk": 32, "fields": {"nome": "Ovo", "qt_estoque": "-222.00", "qt_minima": "6.00", "qt_maxima": "36.00", "un_medida": "un"}}, {"model": "pizzas.ingrediente", "pk": 33, "fields": {"nome": "Sal", "qt_estoque": "9805.00", "qt_minima": "1000.00", "qt_maxima": "50000.00", "un_medida": "gramas"}}, {"model": "pizzas.ingrediente", "pk": 34, "fields": {"nome": "Tomate em rodelas", "qt_estoque": "10000.00", "qt_minima": "1000.00", "qt_maxima": "50000.00", "un_medida": "gramas"}}, {"model": "pizzas.ingrediente", "pk": 35, "fields": {"nome": "Canela em p\u00f3", "qt_estoque": "10000.00", "qt_minima": "1000.00", "qt_maxima": "50000.00", "un_medida": "gramas"}}, {"model": "pizzas.ingrediente", "pk": 36, "fields": {"nome": "Leite Condensado", "qt_estoque": "1000.00", "qt_minima": "500.00", "qt_maxima": "1000.00", "un_medida": "ml"}}, {"model": "pizzas.ingrediente", "pk": 37, "fields": {"nome": "Champignon", "qt_estoque": "10000.00", "qt_minima": "1000.00", "qt_maxima": "50000.00", "un_medida": "gramas"}}, {"model": "pizzas.ingrediente", "pk": 38, "fields": {"nome": "Molho Barbecue", "qt_estoque": "1000.00", "qt_minima": "1000.00", "qt_maxima": "2000.00", "un_medida": "ml"}}, {"model": "pizzas.ingrediente", "pk": 39, "fields": {"nome": "Provolone", "qt_estoque": "10000.00", "qt_minima": "1000.00", "qt_maxima": "50000.00", "un_medida": "gramas"}}, {"model": "pizzas.ingrediente", "pk": 40, "fields": {"nome": "Rucula", "qt_estoque": "1000.00", "qt_minima": "500.00", "qt_maxima": "2000.00", "un_medida": "gr"}}, {"model": "pizzas.ingrediente", "pk": 41, "fields": {"nome": "Atum", "qt_estoque": "1000.00", "qt_minima": "500.00", "qt_maxima": "1000.00", "un_medida": "gr"}}, {"model": "pizzas.ingrediente", "pk": 42, "fields": {"nome": "Jalape\u00f1o", "qt_estoque": "1200.00", "qt_minima": "600.00", "qt_maxima": "1200.00", "un_medida": "gr"}}, {"model": "pizzas.ingrediente", "pk": 43, "fields": {"nome": "Mussarela  de B\u00fafala", "qt_estoque": "2000.00", "qt_minima": "1000.00", "qt_maxima": "2000.00", "un_medida": "gr"}}, {"model": "pizzas.ingrediente", "pk": 44, "fields": {"nome": "Abobrinha", "qt_estoque": "2000.00", "qt_minima": "1000.00", "qt_maxima": "2000.00", "un_medida": "gr"}}, {"model": "pizzas.ingrediente", "pk": 45, "fields": {"nome": "Alho", "qt_estoque": "1000.00", "qt_minima": "500.00", "qt_maxima": "1000.00", "un_medida": "gr"}}, {"model": "pizzas.tipopizza", "pk": 1, "fields": {"nome": "Tradicional", "valor_adicional": "0.00", "ordem": 1, "disponivel": true}}, {"model": "pizzas.tipopizza", "pk": 2, "fields": {"nome": "Especial", "valor_adicional": "10.00", "ordem": 2, "disponivel": true}}, {"model": "pizzas.tipopizza", "pk": 3, "fields": {"nome": "Premium", "valor_adicional": "20.00", "ordem": 3, "disponivel": true}}, {"model": "pizzas.tipopizza", "pk": 4, "fields": {"nome": "Doce", "valor_adicional": "5.00", "ordem": 4, "disponivel": true}}, {"model": "pizzas.saborborda", "pk": 1, "fields": {"nome": "Catupiry", "valor_adicional": "3.00", "disponivel": true, "ordem": 1}}, {"model": "pizzas.saborborda", "pk": 2, "fields": {"nome": "Mussarela", "valor_adicional": "6.00", "disponivel": true, "ordem": 2}}, {"model": "pizzas.saborborda", "pk": 3, "fields": {"nome": "Chocolate", "valor_adicional": "8.00", "disponivel": true, "ordem": 4}}, {"model": "pizzas.saborborda", "pk": 4, "fields": {"nome": "Siciliana", "valor_adicional": "10.00", "disponivel": true, "ordem": 3}}, {"model": "pizzas.saborborda", "pk": 5, "fields": {"nome": "Chocolate Branco", "valor_adicional": "8.00", "disponivel": true, "ordem": 5}}, {"model": "pizzas.saborpizza", "pk": 1, "fields": {"nome": "Calabresa", "tipo_pizza": 1, "descricao": "Pizza de calabresa c/ as melhores calabresas.", "valor_adicional": "0.00", "disponivel": true, "imagem": "sabor_pizza_img/calabresa_tradicional_5QrVmhM.png"}}, {"model": "pizzas.saborpizza", "pk": 2, "fields": {"nome": "Fil\u00e9 com Fritas", "tipo_pizza": 3, "descricao": "Pizza premiun com batatas selecionadas fritas na hora, fil\u00e9 agulha e muito queijo!", "valor_adicional": "10.00", "disponivel": true, "imagem": "sabor_pizza_img/caprese_premiun.png"}}, {"model": "pizzas.saborpizza", "pk": 3, "fields": {"nome": "Quatro queijos", "tipo_pizza": 1, "descricao": "Pizza de Mussarela, Parmes\u00e3o, Provolone e o mais delicioso queijo cremoso (Tipo Catupiry)", "valor_adicional": "0.00", "disponivel": true, "imagem": "sabor_pizza_img/4queijos_tradicional_xaeyvb5.png"}}, {"model": "pizzas.saborpizza", "pk": 4, "fields": {"nome": "Bacon", "tipo_pizza": 1, "descricao": "Pizza sabor bacon, com bacons fritos na hora, uma delicia!!", "valor_adicional": "0.00", "disponivel": true, "imagem": "sabor_pizza_img/bacon_tradicional.png"}}, {"model": "pizzas.saborpizza", "pk": 5, "fields": {"nome": "Marguerita", "tipo_pizza": 1, "descricao": "Pizza com deliciosas azeitonas e  mussarela, tomates selecionados e n\u00e3o podemos esquecer do oreg\u00e2no para dar aquele tempero especial.", "valor_adicional": "0.00", "disponivel": true, "imagem": "sabor_pizza_img/marguerita_tradicional.png"}}, {"model": "pizzas.saborpizza", "pk": 6, "fields": {"nome": "Banana com canela", "tipo_pizza": 4, "descricao": "Pizza doce de banana com canela, uma combina\u00e7\u00e3o perfeita que s\u00f3 a pizzarella oferece para voc\u00ea.", "valor_adicional": "5.00", "disponivel": true, "imagem": "sabor_pizza_img/doce_banana_canela.png"}}, {"model": "pizzas.saborpizza", "pk": 7, "fields": {"nome": "Chocolate", "tipo_pizza": 4, "descricao": "Pizza doce de chocolate uma delicia!", "valor_adicional": "5.00", "disponivel": true, "imagem": "sabor_pizza_img/doce_brigadeiro.png"}}, {"model": "pizzas.saborpizza", "pk": 8, "fields": {"nome": "M&M c/ Chocolate", "tipo_pizza": 4, "descricao": "Pizza de chocolate coberta com deliciosos M&M!", "valor_adicional": "5.00", "disponivel": true, "imagem": "sabor_pizza_img/doce_MM.png"}}, {"model": "pizzas.saborpizza", "pk": 9, "fields": {"nome": "Siciliana", "tipo_pizza": 2, "descricao": "Diretamente da italia para o nosso paladar. A pizza siciliana \u00e9 uma delicia.", "valor_adicional": "8.00", "disponivel": true, "imagem": "sabor_pizza_img/siciliana_tradicional.png"}}, {"model": "pizzas.saborpizza", "pk": 10, "fields": {"nome": "Barbecue", "tipo_pizza": 3, "descricao": "Com um delicioso molho barbecue esta pizza se destaca entre as demais, venha experimentar!!", "valor_adicional": "10.00", "disponivel": true, "imagem": "sabor_pizza_img/thumb_Barbecue.png"}}, {"model": "pizzas.saborpizza", "pk": 11, "fields": {"nome": "Calabresa Especial", "tipo_pizza": 2, "descricao": "Calabresa premium, com queijo mussarela, oreg\u00e2no, cebola roxa e ovos cozidos!", "valor_adicional": "10.00", "disponivel": true, "imagem": "sabor_pizza_img/calabresa_tradicional_SDyIqL4.png"}}, {"model": "pizzas.saborpizza", "pk": 12, "fields": {"nome": "Tomate Seco", "tipo_pizza": 2, "descricao": "Rodelas de tomate seco, molho de tomate especial, ruculas selecionadas, mussarela.", "valor_adicional": "10.00", "disponivel": true, "imagem": "sabor_pizza_img/tomate_seco_especial.png"}}, {"model": "pizzas.saborpizza", "pk": 13, "fields": {"nome": "Atum", "tipo_pizza": 1, "descricao": "Atum, Rodelas de Tomate fresquinho, cebola em rodelas, oreg\u00e2no, azeitonas, mussarela e molho de tomate.", "valor_adicional": "0.00", "disponivel": true, "imagem": "sabor_pizza_img/atum_especial.png"}}, {"model": "pizzas.saborpizza", "pk": 14, "fields": {"nome": "Mexicana", "tipo_pizza": 3, "descricao": "Carne Picada, Muzzarela, Pimenta Jalape\u00f1o Extra Forte e Tomate Cereja.", "valor_adicional": "15.00", "disponivel": true, "imagem": "sabor_pizza_img/mexicana_premiun.png"}}, {"model": "pizzas.saborpizza", "pk": 15, "fields": {"nome": "Zuchine", "tipo_pizza": 3, "descricao": "Abobrinha, Alho Frito e Muzzarela de B\u00fafala.", "valor_adicional": "15.00", "disponivel": true, "imagem": "sabor_pizza_img/thumb_Zuchine.png"}}, {"model": "pizzas.saborpizzaingrediente", "pk": 1, "fields": {"sabor_pizza": 2, "ingrediente": 2, "quantidade": "200.00"}}, {"model": "pizzas.saborpizzaingrediente", "pk": 2, "fields": {"sabor_pizza": 2, "ingrediente": 5, "quantidade": "200.00"}}, {"model": "pizzas.saborpizzaingrediente", "pk": 3, "fields": {"sabor_pizza": 2, "ingrediente": 20, "quantidade": "350.00"}}, {"model": "pizzas.saborpizzaingrediente", "pk": 4, "fields": {"sabor_pizza": 2, "ingrediente": 21, "quantidade": "200.00"}}, {"model": "pizzas.saborpizzaingrediente", "pk": 5, "fields": {"sabor_pizza": 2, "ingrediente": 22, "quantidade": "100.00"}}, {"model": "pizzas.saborpizzaingrediente", "pk": 6, "fields": {"sabor_pizza": 2, "ingrediente": 3, "quantidade": "200.00"}}, {"model": "pizzas.saborpizzaingrediente", "pk": 7, "fields": {"sabor_pizza": 2, "ingrediente": 23, "quantidade": "400.00"}}, {"model": "pizzas.saborpizzaingrediente", "pk": 8, "fields": {"sabor_pizza": 3, "ingrediente": 7, "quantidade": "200.00"}}, {"model": "pizzas.saborpizzaingrediente", "pk": 9, "fields": {"sabor_pizza": 3, "ingrediente": 21, "quantidade": "300.00"}}, {"model": "pizzas.saborpizzaingrediente", "pk": 10, "fields": {"sabor_pizza": 3, "ingrediente": 22, "quantidade": "200.00"}}, {"model": "pizzas.saborpizzaingrediente", "pk": 11, "fields": {"sabor_pizza": 3, "ingrediente": 4, "quantidade": "200.00"}}, {"model": "pizzas.saborpizzaingrediente", "pk": 12, "fields": {"sabor_pizza": 3, "ingrediente": 13, "quantidade": "200.00"}}, {"model": "pizzas.saborpizzaingrediente", "pk": 13, "fields": {"sabor_pizza": 4, "ingrediente": 2, "quantidade": "200.00"}}, {"model": "pizzas.saborpizzaingrediente", "pk": 14, "fields": {"sabor_pizza": 4, "ingrediente": 3, "quantidade": "200.00"}}, {"model": "pizzas.saborpizzaingrediente", "pk": 15, "fields": {"sabor_pizza": 4, "ingrediente": 9, "quantidade": "400.00"}}, {"model": "pizzas.saborpizzaingrediente", "pk": 16, "fields": {"sabor_pizza": 4, "ingrediente": 21, "quantidade": "300.00"}}, {"model": "pizzas.saborpizzaingrediente", "pk": 17, "fields": {"sabor_pizza": 4, "ingrediente": 22, "quantidade": "200.00"}}, {"model": "pizzas.saborpizzaingrediente", "pk": 18, "fields": {"sabor_pizza": 4, "ingrediente": 33, "quantidade": "100.00"}}, {"model": "pizzas.saborpizzaingrediente", "pk": 19, "fields": {"sabor_pizza": 5, "ingrediente": 21, "quantidade": "0.00"}}, {"model": "pizzas.saborpizzaingrediente", "pk": 20, "fields": {"sabor_pizza": 5, "ingrediente": 22, "quantidade": "0.00"}}, {"model": "pizzas.saborpizzaingrediente", "pk": 21, "fields": {"sabor_pizza": 5, "ingrediente": 33, "quantidade": "0.00"}}, {"model": "pizzas.saborpizzaingrediente", "pk": 22, "fields": {"sabor_pizza": 5, "ingrediente": 2, "quantidade": "0.00"}}, {"model": "pizzas.saborpizzaingrediente", "pk": 23, "fields": {"sabor_pizza": 5, "ingrediente": 34, "quantidade": "0.00"}}, {"model": "pizzas.saborpizzaingrediente", "pk": 24, "fields": {"sabor_pizza": 5, "ingrediente": 3, "quantidade": "0.00"}}, {"model": "pizzas.saborpizzaingrediente", "pk": 25, "fields": {"sabor_pizza": 6, "ingrediente": 14, "quantidade": "300.00"}}, {"model": "pizzas.saborpizzaingrediente", "pk": 26, "fields": {"sabor_pizza": 6, "ingrediente": 3, "quantidade": "300.00"}}, {"model": "pizzas.saborpizzaingrediente", "pk": 27, "fields": {"sabor_pizza": 6, "ingrediente": 21, "quantidade": "300.00"}}, {"model": "pizzas.saborpizzaingrediente", "pk": 28, "fields": {"sabor_pizza": 6, "ingrediente": 35, "quantidade": "100.00"}}, {"model": "pizzas.saborpizzaingrediente", "pk": 29, "fields": {"sabor_pizza": 6, "ingrediente": 36, "quantidade": "30.00"}}, {"model": "pizzas.saborpizzaingrediente", "pk": 30, "fields": {"sabor_pizza": 6, "ingrediente": 22, "quantidade": "200.00"}}, {"model": "pizzas.saborpizzaingrediente", "pk": 31, "fields": {"sabor_pizza": 6, "ingrediente": 33, "quantidade": "50.00"}}, {"model": "pizzas.saborpizzaingrediente", "pk": 32, "fields": {"sabor_pizza": 7, "ingrediente": 33, "quantidade": "50.00"}}, {"model": "pizzas.saborpizzaingrediente", "pk": 33, "fields": {"sabor_pizza": 7, "ingrediente": 21, "quantidade": "150.00"}}, {"model": "pizzas.saborpizzaingrediente", "pk": 34, "fields": {"sabor_pizza": 7, "ingrediente": 22, "quantidade": "150.00"}}, {"model": "pizzas.saborpizzaingrediente", "pk": 35, "fields": {"sabor_pizza": 7, "ingrediente": 11, "quantidade": "300.00"}}, {"model": "pizzas.saborpizzaingrediente", "pk": 36, "fields": {"sabor_pizza": 8, "ingrediente": 33, "quantidade": "50.00"}}, {"model": "pizzas.saborpizzaingrediente", "pk": 37, "fields": {"sabor_pizza": 8, "ingrediente": 21, "quantidade": "150.00"}}, {"model": "pizzas.saborpizzaingrediente", "pk": 38, "fields": {"sabor_pizza": 8, "ingrediente": 22, "quantidade": "100.00"}}, {"model": "pizzas.saborpizzaingrediente", "pk": 39, "fields": {"sabor_pizza": 8, "ingrediente": 11, "quantidade": "200.00"}}, {"model": "pizzas.saborpizzaingrediente", "pk": 40, "fields": {"sabor_pizza": 8, "ingrediente": 31, "quantidade": "300.00"}}, {"model": "pizzas.saborpizzaingrediente", "pk": 41, "fields": {"sabor_pizza": 8, "ingrediente": 32, "quantidade": "1.00"}}, {"model": "pizzas.saborpizzaingrediente", "pk": 42, "fields": {"sabor_pizza": 9, "ingrediente": 33, "quantidade": "100.00"}}, {"model": "pizzas.saborpizzaingrediente", "pk": 43, "fields": {"sabor_pizza": 9, "ingrediente": 21, "quantidade": "140.00"}}, {"model": "pizzas.saborpizzaingrediente", "pk": 44, "fields": {"sabor_pizza": 9, "ingrediente": 22, "quantidade": "100.00"}}, {"model": "pizzas.saborpizzaingrediente", "pk": 45, "fields": {"sabor_pizza": 9, "ingrediente": 3, "quantidade": "100.00"}}, {"model": "pizzas.saborpizzaingrediente", "pk": 46, "fields": {"sabor_pizza": 9, "ingrediente": 13, "quantidade": "150.00"}}, {"model": "pizzas.saborpizzaingrediente", "pk": 47, "fields": {"sabor_pizza": 9, "ingrediente": 37, "quantidade": "100.00"}}, {"model": "pizzas.saborpizzaingrediente", "pk": 48, "fields": {"sabor_pizza": 9, "ingrediente": 2, "quantidade": "100.00"}}, {"model": "pizzas.saborpizzaingrediente", "pk": 49, "fields": {"sabor_pizza": 10, "ingrediente": 21, "quantidade": "140.00"}}, {"model": "pizzas.saborpizzaingrediente", "pk": 50, "fields": {"sabor_pizza": 10, "ingrediente": 22, "quantidade": "100.00"}}, {"model": "pizzas.saborpizzaingrediente", "pk": 51, "fields": {"sabor_pizza": 10, "ingrediente": 3, "quantidade": "200.00"}}, {"model": "pizzas.saborpizzaingrediente", "pk": 52, "fields": {"sabor_pizza": 10, "ingrediente": 34, "quantidade": "200.00"}}, {"model": "pizzas.saborpizzaingrediente", "pk": 53, "fields": {"sabor_pizza": 10, "ingrediente": 2, "quantidade": "200.00"}}, {"model": "pizzas.saborpizzaingrediente", "pk": 54, "fields": {"sabor_pizza": 10, "ingrediente": 38, "quantidade": "300.00"}}, {"model": "pizzas.saborpizzaingrediente", "pk": 55, "fields": {"sabor_pizza": 10, "ingrediente": 20, "quantidade": "400.00"}}, {"model": "pizzas.saborpizzaingrediente", "pk": 56, "fields": {"sabor_pizza": 10, "ingrediente": 33, "quantidade": "100.00"}}, {"model": "pizzas.saborpizzaingrediente", "pk": 57, "fields": {"sabor_pizza": 3, "ingrediente": 39, "quantidade": "200.00"}}, {"model": "pizzas.saborpizzaingrediente", "pk": 58, "fields": {"sabor_pizza": 11, "ingrediente": 1, "quantidade": "300.00"}}, {"model": "pizzas.saborpizzaingrediente", "pk": 59, "fields": {"sabor_pizza": 11, "ingrediente": 7, "quantidade": "200.00"}}, {"model": "pizzas.saborpizzaingrediente", "pk": 60, "fields": {"sabor_pizza": 11, "ingrediente": 32, "quantidade": "120.00"}}, {"model": "pizzas.saborpizzaingrediente", "pk": 61, "fields": {"sabor_pizza": 11, "ingrediente": 21, "quantidade": "200.00"}}, {"model": "pizzas.saborpizzaingrediente", "pk": 62, "fields": {"sabor_pizza": 11, "ingrediente": 17, "quantidade": "50.00"}}, {"model": "pizzas.saborpizzaingrediente", "pk": 63, "fields": {"sabor_pizza": 11, "ingrediente": 33, "quantidade": "100.00"}}, {"model": "pizzas.saborpizzaingrediente", "pk": 64, "fields": {"sabor_pizza": 11, "ingrediente": 3, "quantidade": "300.00"}}, {"model": "pizzas.saborpizzaingrediente", "pk": 65, "fields": {"sabor_pizza": 11, "ingrediente": 2, "quantidade": "100.00"}}, {"model": "pizzas.saborpizzaingrediente", "pk": 66, "fields": {"sabor_pizza": 12, "ingrediente": 34, "quantidade": "200.00"}}, {"model": "pizzas.saborpizzaingrediente", "pk": 67, "fields": {"sabor_pizza": 12, "ingrediente": 3, "quantidade": "300.00"}}, {"model": "pizzas.saborpizzaingrediente", "pk": 68, "fields": {"sabor_pizza": 12, "ingrediente": 2, "quantidade": "200.00"}}, {"model": "pizzas.saborpizzaingrediente", "pk": 69, "fields": {"sabor_pizza": 12, "ingrediente": 33, "quantidade": "100.00"}}, {"model": "pizzas.saborpizzaingrediente", "pk": 70, "fields": {"sabor_pizza": 12, "ingrediente": 22, "quantidade": "150.00"}}, {"model": "pizzas.saborpizzaingrediente", "pk": 71, "fields": {"sabor_pizza": 12, "ingrediente": 40, "quantidade": "150.00"}}, {"model": "pizzas.saborpizzaingrediente", "pk": 72, "fields": {"sabor_pizza": 13, "ingrediente": 41, "quantidade": "200.00"}}, {"model": "pizzas.saborpizzaingrediente", "pk": 73, "fields": {"sabor_pizza": 13, "ingrediente": 25, "quantidade": "150.00"}}, {"model": "pizzas.saborpizzaingrediente", "pk": 74, "fields": {"sabor_pizza": 13, "ingrediente": 34, "quantidade": "150.00"}}, {"model": "pizzas.saborpizzaingrediente", "pk": 75, "fields": {"sabor_pizza": 13, "ingrediente": 2, "quantidade": "150.00"}}, {"model": "pizzas.saborpizzaingrediente", "pk": 76, "fields": {"sabor_pizza": 13, "ingrediente": 33, "quantidade": "100.00"}}, {"model": "pizzas.saborpizzaingrediente", "pk": 77, "fields": {"sabor_pizza": 13, "ingrediente": 21, "quantidade": "200.00"}}, {"model": "pizzas.saborpizzaingrediente", "pk": 79, "fields": {"sabor_pizza": 13, "ingrediente": 4, "quantidade": "150.00"}}, {"model": "pizzas.saborpizzaingrediente", "pk": 80, "fields": {"sabor_pizza": 13, "ingrediente": 7, "quantidade": "150.00"}}, {"model": "pizzas.saborpizzaingrediente", "pk": 81, "fields": {"sabor_pizza": 14, "ingrediente": 20, "quantidade": "200.00"}}, {"model": "pizzas.saborpizzaingrediente", "pk": 82, "fields": {"sabor_pizza": 14, "ingrediente": 3, "quantidade": "300.00"}}, {"model": "pizzas.saborpizzaingrediente", "pk": 83, "fields": {"sabor_pizza": 14, "ingrediente": 5, "quantidade": "250.00"}}, {"model": "pizzas.saborpizzaingrediente", "pk": 84, "fields": {"sabor_pizza": 14, "ingrediente": 33, "quantidade": "250.00"}}, {"model": "pizzas.saborpizzaingrediente", "pk": 85, "fields": {"sabor_pizza": 14, "ingrediente": 21, "quantidade": "300.00"}}, {"model": "pizzas.saborpizzaingrediente", "pk": 86, "fields": {"sabor_pizza": 14, "ingrediente": 22, "quantidade": "150.00"}}, {"model": "pizzas.saborpizzaingrediente", "pk": 87, "fields": {"sabor_pizza": 14, "ingrediente": 42, "quantidade": "0.00"}}, {"model": "pizzas.saborpizzaingrediente", "pk": 88, "fields": {"sabor_pizza": 15, "ingrediente": 43, "quantidade": "300.00"}}, {"model": "pizzas.saborpizzaingrediente", "pk": 89, "fields": {"sabor_pizza": 15, "ingrediente": 44, "quantidade": "200.00"}}, {"model": "pizzas.saborpizzaingrediente", "pk": 90, "fields": {"sabor_pizza": 15, "ingrediente": 7, "quantidade": "200.00"}}, {"model": "pizzas.saborpizzaingrediente", "pk": 91, "fields": {"sabor_pizza": 15, "ingrediente": 22, "quantidade": "200.00"}}, {"model": "pizzas.saborpizzaingrediente", "pk": 92, "fields": {"sabor_pizza": 15, "ingrediente": 26, "quantidade": "220.00"}}, {"model": "pizzas.saborpizzaingrediente", "pk": 93, "fields": {"sabor_pizza": 15, "ingrediente": 21, "quantidade": "200.00"}}, {"model": "pizzas.saborpizzaingrediente", "pk": 94, "fields": {"sabor_pizza": 15, "ingrediente": 45, "quantidade": "100.00"}}, {"model": "pizzas.saborpizzaingrediente", "pk": 95, "fields": {"sabor_pizza": 15, "ingrediente": 33, "quantidade": "100.00"}}, {"model": "pizzas.saborbordaingrediente", "pk": 1, "fields": {"sabor_borda": 4, "ingrediente": 9, "quantidade": "200.00"}}, {"model": "pizzas.saborbordaingrediente", "pk": 2, "fields": {"sabor_borda": 4, "ingrediente": 10, "quantidade": "250.00"}}, {"model": "pizzas.saborbordaingrediente", "pk": 3, "fields": {"sabor_borda": 2, "ingrediente": 3, "quantidade": "500.00"}}, {"model": "pizzas.saborbordaingrediente", "pk": 4, "fields": {"sabor_borda": 3, "ingrediente": 11, "quantidade": "300.00"}}, {"model": "pizzas.saborbordaingrediente", "pk": 5, "fields": {"sabor_borda": 1, "ingrediente": 7, "quantidade": "350.00"}}, {"model": "pizzas.saborbordaingrediente", "pk": 6, "fields": {"sabor_borda": 5, "ingrediente": 12, "quantidade": "300.00"}}, {"model": "pizzas.tamanhopizza", "pk": 1, "fields": {"nome": "Pequena", "max_sabores": 1, "preco": "20.00", "multiplicador": "1.00", "ordem": 1, "disponivel": true}}, {"model": "pizzas.tamanhopizza", "pk": 2, "fields": {"nome": "M\u00e9dia", "max_sabores": 1, "preco": "30.00", "multiplicador": "1.15", "ordem": 2, "disponivel": false}}, {"model": "pizzas.tamanhopizza", "pk": 3, "fields": {"nome": "Grande", "max_sabores": 2, "preco": "40.00", "multiplicador": "1.20", "ordem": 3, "disponivel": true}}, {"model": "pizzas.tamanhopizza", "pk": 4, "fields": {"nome": "Gigante", "max_sabores": 3, "preco": "50.00", "multiplicador": "1.30", "ordem": 4, "disponivel": true}}, {"model": "pessoas.endereco", "pk": 1, "fields": {"logradouro": "Rua Flor de lis", "numero": "100", "complemento": "casa branca muro cinza", "bairro": "Vila Adriana I", "cep": null, "cidade": "Foz do Igua\u00e7u", "uf": "PR"}}, {"model": "pessoas.endereco", "pk": 2, "fields": {"logradouro": "Av Parana", "numero": "3456", "complemento": "nao tem", "bairro": "Centro", "cep": null, "cidade": "Foz do Igua\u00e7u", "uf": "PR"}}, {"model": "pessoas.endereco", "pk": 3, "fields": {"logradouro": "Av Trancredo Neves", "numero": "10000", "complemento": "condominio", "bairro": "Jd Itaipu", "cep": null, "cidade": "Foz do Igua\u00e7u", "uf": "PR"}}, {"model": "pessoas.endereco", "pk": 4, "fields": {"logradouro": "Rua Flor de Palha", "numero": "125", "complemento": null, "bairro": "Vila Adriana I", "cep": "85854580", "cidade": "Foz do Igua\u00e7u", "uf": "PR"}}, {"model": "pessoas.endereco", "pk": 5, "fields": {"logradouro": "Rua Ayrton Ramos", "numero": "59", "complemento": "Casa Branca", "bairro": "Jd. S\u00e3o Paulo", "cep": "85855000", "cidade": "foz do igua\u00e7u", "uf": "PR"}}, {"model": "pessoas.endereco", "pk": 6, "fields": {"logradouro": "Rua Samambaias", "numero": "1254", "complemento": "Casa Azul", "bairro": "Vila Adriana I", "cep": "85854580", "cidade": "Foz do Igua\u00e7u", "uf": "PR"}}, {"model": "pessoas.entregador", "pk": 1, "fields": {"nome": "Jefferson Sotto", "telefone": "99904-8090", "endereco": 1}}, {"model": "pessoas.entregador", "pk": 2, "fields": {"nome": "Vanderley Fabr\u00edcio Porto", "telefone": "45 9 9999 9999", "endereco": 2}}, {"model": "pessoas.entregador", "pk": 3, "fields": {"nome": "Fernando Satoro", "telefone": "45 9 9999-8888", "endereco": 3}}, {"model": "pedidos.statuspedido", "pk": 1, "fields": {"nome": "SOLICITADO"}}, {"model": "pedidos.statuspedido", "pk": 2, "fields": {"nome": "EM_PRODUCAO"}}, {"model": "pedidos.statuspedido", "pk": 3, "fields": {"nome": "EM_ENTREGA"}}, {"model": "pedidos.statuspedido", "pk": 4, "fields": {"nome": "CONCLUIDO"}}, {"model": "pedidos.statuspedido", "pk": 5, "fields": {"nome": "CANCELADO"}}, {"model": "pedidos.formadepagamento", "pk": 1, "fields": {"nome": "A VISTA"}}, {"model": "pedidos.formadepagamento", "pk": 2, "fields": {"nome": "CART\u00c3O DE CR\u00c9DITO"}}, {"model": "pedidos.pedido", "pk": 1, "fields": {"data": "2019-12-02T10:54:14.582", "total": "0.00", "troco_para": "0.00", "observacao": "Sem oregano", "forma_de_pagamento": 1, "status_pedido": 3, "entregador": 1, "cliente": 1, "descontado_estoque": true}}, {"model": "pedidos.pedido", "pk": 2, "fields": {"data": "2019-12-02T15:32:31.555", "total": "0.00", "troco_para": "200.00", "observacao": "EU QUERO MASSA FINA, E NADA DE OREG\u00c2NO POR FAVOR.", "forma_de_pagamento": 2, "status_pedido": 3, "entregador": 2, "cliente": 2, "descontado_estoque": true}}, {"model": "pedidos.pedido", "pk": 3, "fields": {"data": "2019-12-02T15:48:30.805", "total": "0.00", "troco_para": "0.00", "observacao": "massa fina", "forma_de_pagamento": 1, "status_pedido": 4, "entregador": 3, "cliente": 3, "descontado_estoque": true}}, {"model": "pedidos.itembebida", "pk": 1, "fields": {"quantidade": 1, "preco": "0.00", "pedido": 1, "bebida_tamanho": 5}}, {"model": "pedidos.itembebida", "pk": 2, "fields": {"quantidade": 1, "preco": "0.00", "pedido": 2, "bebida_tamanho": 1}}, {"model": "pedidos.itembebida", "pk": 3, "fields": {"quantidade": 1, "preco": "0.00", "pedido": 2, "bebida_tamanho": 5}}, {"model": "pedidos.itembebida", "pk": 4, "fields": {"quantidade": 1, "preco": "0.00", "pedido": 3, "bebida_tamanho": 1}}, {"model": "pedidos.itempizza", "pk": 1, "fields": {"quantidade": 1, "preco": "0.00", "pedido": 1, "descontado_estoque": false, "tamanho_pizza": 4, "sabor_borda": 2, "sabores": [11]}}, {"model": "pedidos.itempizza", "pk": 2, "fields": {"quantidade": 1, "preco": "0.00", "pedido": 2, "descontado_estoque": false, "tamanho_pizza": 3, "sabor_borda": 4, "sabores": [1]}}, {"model": "pedidos.itempizza", "pk": 3, "fields": {"quantidade": 1, "preco": "0.00", "pedido": 2, "descontado_estoque": false, "tamanho_pizza": 4, "sabor_borda": 1, "sabores": [5, 11]}}, {"model": "pedidos.itempizza", "pk": 4, "fields": {"quantidade": 1, "preco": "0.00", "pedido": 3, "descontado_estoque": false, "tamanho_pizza": 2, "sabor_borda": 1, "sabores": [1]}}, {"model": "auth.permission", "pk": 1, "fields": {"name": "Can add log entry", "content_type": 1, "codename": "add_logentry"}}, {"model": "auth.permission", "pk": 2, "fields": {"name": "Can change log entry", "content_type": 1, "codename": "change_logentry"}}, {"model": "auth.permission", "pk": 3, "fields": {"name": "Can delete log entry", "content_type": 1, "codename": "delete_logentry"}}, {"model": "auth.permission", "pk": 4, "fields": {"name": "Can view log entry", "content_type": 1, "codename": "view_logentry"}}, {"model": "auth.permission", "pk": 5, "fields": {"name": "Can add permission", "content_type": 2, "codename": "add_permission"}}, {"model": "auth.permission", "pk": 6, "fields": {"name": "Can change permission", "content_type": 2, "codename": "change_permission"}}, {"model": "auth.permission", "pk": 7, "fields": {"name": "Can delete permission", "content_type": 2, "codename": "delete_permission"}}, {"model": "auth.permission", "pk": 8, "fields": {"name": "Can view permission", "content_type": 2, "codename": "view_permission"}}, {"model": "auth.permission", "pk": 9, "fields": {"name": "Can add group", "content_type": 3, "codename": "add_group"}}, {"model": "auth.permission", "pk": 10, "fields": {"name": "Can change group", "content_type": 3, "codename": "change_group"}}, {"model": "auth.permission", "pk": 11, "fields": {"name": "Can delete group", "content_type": 3, "codename": "delete_group"}}, {"model": "auth.permission", "pk": 12, "fields": {"name": "Can view group", "content_type": 3, "codename": "view_group"}}, {"model": "auth.permission", "pk": 13, "fields": {"name": "Can add user", "content_type": 4, "codename": "add_user"}}, {"model": "auth.permission", "pk": 14, "fields": {"name": "Can change user", "content_type": 4, "codename": "change_user"}}, {"model": "auth.permission", "pk": 15, "fields": {"name": "Can delete user", "content_type": 4, "codename": "delete_user"}}, {"model": "auth.permission", "pk": 16, "fields": {"name": "Can view user", "content_type": 4, "codename": "view_user"}}, {"model": "auth.permission", "pk": 17, "fields": {"name": "Can add content type", "content_type": 5, "codename": "add_contenttype"}}, {"model": "auth.permission", "pk": 18, "fields": {"name": "Can change content type", "content_type": 5, "codename": "change_contenttype"}}, {"model": "auth.permission", "pk": 19, "fields": {"name": "Can delete content type", "content_type": 5, "codename": "delete_contenttype"}}, {"model": "auth.permission", "pk": 20, "fields": {"name": "Can view content type", "content_type": 5, "codename": "view_contenttype"}}, {"model": "auth.permission", "pk": 21, "fields": {"name": "Can add session", "content_type": 6, "codename": "add_session"}}, {"model": "auth.permission", "pk": 22, "fields": {"name": "Can change session", "content_type": 6, "codename": "change_session"}}, {"model": "auth.permission", "pk": 23, "fields": {"name": "Can delete session", "content_type": 6, "codename": "delete_session"}}, {"model": "auth.permission", "pk": 24, "fields": {"name": "Can view session", "content_type": 6, "codename": "view_session"}}, {"model": "auth.permission", "pk": 25, "fields": {"name": "Can add bebida", "content_type": 7, "codename": "add_bebida"}}, {"model": "auth.permission", "pk": 26, "fields": {"name": "Can change bebida", "content_type": 7, "codename": "change_bebida"}}, {"model": "auth.permission", "pk": 27, "fields": {"name": "Can delete bebida", "content_type": 7, "codename": "delete_bebida"}}, {"model": "auth.permission", "pk": 28, "fields": {"name": "Can view bebida", "content_type": 7, "codename": "view_bebida"}}, {"model": "auth.permission", "pk": 29, "fields": {"name": "Can add Tamanho da Bebida", "content_type": 8, "codename": "add_tamanhobebida"}}, {"model": "auth.permission", "pk": 30, "fields": {"name": "Can change Tamanho da Bebida", "content_type": 8, "codename": "change_tamanhobebida"}}, {"model": "auth.permission", "pk": 31, "fields": {"name": "Can delete Tamanho da Bebida", "content_type": 8, "codename": "delete_tamanhobebida"}}, {"model": "auth.permission", "pk": 32, "fields": {"name": "Can view Tamanho da Bebida", "content_type": 8, "codename": "view_tamanhobebida"}}, {"model": "auth.permission", "pk": 33, "fields": {"name": "Can add Op\u00e7\u00e3o de Bebida", "content_type": 9, "codename": "add_bebidatamanhobebida"}}, {"model": "auth.permission", "pk": 34, "fields": {"name": "Can change Op\u00e7\u00e3o de Bebida", "content_type": 9, "codename": "change_bebidatamanhobebida"}}, {"model": "auth.permission", "pk": 35, "fields": {"name": "Can delete Op\u00e7\u00e3o de Bebida", "content_type": 9, "codename": "delete_bebidatamanhobebida"}}, {"model": "auth.permission", "pk": 36, "fields": {"name": "Can view Op\u00e7\u00e3o de Bebida", "content_type": 9, "codename": "view_bebidatamanhobebida"}}, {"model": "auth.permission", "pk": 37, "fields": {"name": "Can add ingrediente", "content_type": 10, "codename": "add_ingrediente"}}, {"model": "auth.permission", "pk": 38, "fields": {"name": "Can change ingrediente", "content_type": 10, "codename": "change_ingrediente"}}, {"model": "auth.permission", "pk": 39, "fields": {"name": "Can delete ingrediente", "content_type": 10, "codename": "delete_ingrediente"}}, {"model": "auth.permission", "pk": 40, "fields": {"name": "Can view ingrediente", "content_type": 10, "codename": "view_ingrediente"}}, {"model": "auth.permission", "pk": 41, "fields": {"name": "Can add Sabor da Borda", "content_type": 11, "codename": "add_saborborda"}}, {"model": "auth.permission", "pk": 42, "fields": {"name": "Can change Sabor da Borda", "content_type": 11, "codename": "change_saborborda"}}, {"model": "auth.permission", "pk": 43, "fields": {"name": "Can delete Sabor da Borda", "content_type": 11, "codename": "delete_saborborda"}}, {"model": "auth.permission", "pk": 44, "fields": {"name": "Can view Sabor da Borda", "content_type": 11, "codename": "view_saborborda"}}, {"model": "auth.permission", "pk": 45, "fields": {"name": "Can add Sabor de Pizza", "content_type": 12, "codename": "add_saborpizza"}}, {"model": "auth.permission", "pk": 46, "fields": {"name": "Can change Sabor de Pizza", "content_type": 12, "codename": "change_saborpizza"}}, {"model": "auth.permission", "pk": 47, "fields": {"name": "Can delete Sabor de Pizza", "content_type": 12, "codename": "delete_saborpizza"}}, {"model": "auth.permission", "pk": 48, "fields": {"name": "Can view Sabor de Pizza", "content_type": 12, "codename": "view_saborpizza"}}, {"model": "auth.permission", "pk": 49, "fields": {"name": "Can add Tamanho da Pizza", "content_type": 13, "codename": "add_tamanhopizza"}}, {"model": "auth.permission", "pk": 50, "fields": {"name": "Can change Tamanho da Pizza", "content_type": 13, "codename": "change_tamanhopizza"}}, {"model": "auth.permission", "pk": 51, "fields": {"name": "Can delete Tamanho da Pizza", "content_type": 13, "codename": "delete_tamanhopizza"}}, {"model": "auth.permission", "pk": 52, "fields": {"name": "Can view Tamanho da Pizza", "content_type": 13, "codename": "view_tamanhopizza"}}, {"model": "auth.permission", "pk": 53, "fields": {"name": "Can add Tipo de Pizza", "content_type": 14, "codename": "add_tipopizza"}}, {"model": "auth.permission", "pk": 54, "fields": {"name": "Can change Tipo de Pizza", "content_type": 14, "codename": "change_tipopizza"}}, {"model": "auth.permission", "pk": 55, "fields": {"name": "Can delete Tipo de Pizza", "content_type": 14, "codename": "delete_tipopizza"}}, {"model": "auth.permission", "pk": 56, "fields": {"name": "Can view Tipo de Pizza", "content_type": 14, "codename": "view_tipopizza"}}, {"model": "auth.permission", "pk": 57, "fields": {"name": "Can add Ingrediente", "content_type": 15, "codename": "add_saborpizzaingrediente"}}, {"model": "auth.permission", "pk": 58, "fields": {"name": "Can change Ingrediente", "content_type": 15, "codename": "change_saborpizzaingrediente"}}, {"model": "auth.permission", "pk": 59, "fields": {"name": "Can delete Ingrediente", "content_type": 15, "codename": "delete_saborpizzaingrediente"}}, {"model": "auth.permission", "pk": 60, "fields": {"name": "Can view Ingrediente", "content_type": 15, "codename": "view_saborpizzaingrediente"}}, {"model": "auth.permission", "pk": 61, "fields": {"name": "Can add Ingrediente", "content_type": 16, "codename": "add_saborbordaingrediente"}}, {"model": "auth.permission", "pk": 62, "fields": {"name": "Can change Ingrediente", "content_type": 16, "codename": "change_saborbordaingrediente"}}, {"model": "auth.permission", "pk": 63, "fields": {"name": "Can delete Ingrediente", "content_type": 16, "codename": "delete_saborbordaingrediente"}}, {"model": "auth.permission", "pk": 64, "fields": {"name": "Can view Ingrediente", "content_type": 16, "codename": "view_saborbordaingrediente"}}, {"model": "auth.permission", "pk": 65, "fields": {"name": "Can add endereco", "content_type": 17, "codename": "add_endereco"}}, {"model": "auth.permission", "pk": 66, "fields": {"name": "Can change endereco", "content_type": 17, "codename": "change_endereco"}}, {"model": "auth.permission", "pk": 67, "fields": {"name": "Can delete endereco", "content_type": 17, "codename": "delete_endereco"}}, {"model": "auth.permission", "pk": 68, "fields": {"name": "Can view endereco", "content_type": 17, "codename": "view_endereco"}}, {"model": "auth.permission", "pk": 69, "fields": {"name": "Can add Entregador", "content_type": 18, "codename": "add_entregador"}}, {"model": "auth.permission", "pk": 70, "fields": {"name": "Can change Entregador", "content_type": 18, "codename": "change_entregador"}}, {"model": "auth.permission", "pk": 71, "fields": {"name": "Can delete Entregador", "content_type": 18, "codename": "delete_entregador"}}, {"model": "auth.permission", "pk": 72, "fields": {"name": "Can view Entregador", "content_type": 18, "codename": "view_entregador"}}, {"model": "auth.permission", "pk": 73, "fields": {"name": "Can add cliente", "content_type": 19, "codename": "add_cliente"}}, {"model": "auth.permission", "pk": 74, "fields": {"name": "Can change cliente", "content_type": 19, "codename": "change_cliente"}}, {"model": "auth.permission", "pk": 75, "fields": {"name": "Can delete cliente", "content_type": 19, "codename": "delete_cliente"}}, {"model": "auth.permission", "pk": 76, "fields": {"name": "Can view cliente", "content_type": 19, "codename": "view_cliente"}}, {"model": "auth.permission", "pk": 77, "fields": {"name": "Can add Forma de Pagamento", "content_type": 20, "codename": "add_formadepagamento"}}, {"model": "auth.permission", "pk": 78, "fields": {"name": "Can change Forma de Pagamento", "content_type": 20, "codename": "change_formadepagamento"}}, {"model": "auth.permission", "pk": 79, "fields": {"name": "Can delete Forma de Pagamento", "content_type": 20, "codename": "delete_formadepagamento"}}, {"model": "auth.permission", "pk": 80, "fields": {"name": "Can view Forma de Pagamento", "content_type": 20, "codename": "view_formadepagamento"}}, {"model": "auth.permission", "pk": 81, "fields": {"name": "Can add Status do Pedido", "content_type": 21, "codename": "add_statuspedido"}}, {"model": "auth.permission", "pk": 82, "fields": {"name": "Can change Status do Pedido", "content_type": 21, "codename": "change_statuspedido"}}, {"model": "auth.permission", "pk": 83, "fields": {"name": "Can delete Status do Pedido", "content_type": 21, "codename": "delete_statuspedido"}}, {"model": "auth.permission", "pk": 84, "fields": {"name": "Can view Status do Pedido", "content_type": 21, "codename": "view_statuspedido"}}, {"model": "auth.permission", "pk": 85, "fields": {"name": "Can add pedido", "content_type": 22, "codename": "add_pedido"}}, {"model": "auth.permission", "pk": 86, "fields": {"name": "Can change pedido", "content_type": 22, "codename": "change_pedido"}}, {"model": "auth.permission", "pk": 87, "fields": {"name": "Can delete pedido", "content_type": 22, "codename": "delete_pedido"}}, {"model": "auth.permission", "pk": 88, "fields": {"name": "Can view pedido", "content_type": 22, "codename": "view_pedido"}}, {"model": "auth.permission", "pk": 89, "fields": {"name": "Can add item pizza", "content_type": 23, "codename": "add_itempizza"}}, {"model": "auth.permission", "pk": 90, "fields": {"name": "Can change item pizza", "content_type": 23, "codename": "change_itempizza"}}, {"model": "auth.permission", "pk": 91, "fields": {"name": "Can delete item pizza", "content_type": 23, "codename": "delete_itempizza"}}, {"model": "auth.permission", "pk": 92, "fields": {"name": "Can view item pizza", "content_type": 23, "codename": "view_itempizza"}}, {"model": "auth.permission", "pk": 93, "fields": {"name": "Can add item bebida", "content_type": 24, "codename": "add_itembebida"}}, {"model": "auth.permission", "pk": 94, "fields": {"name": "Can change item bebida", "content_type": 24, "codename": "change_itembebida"}}, {"model": "auth.permission", "pk": 95, "fields": {"name": "Can delete item bebida", "content_type": 24, "codename": "delete_itembebida"}}, {"model": "auth.permission", "pk": 96, "fields": {"name": "Can view item bebida", "content_type": 24, "codename": "view_itembebida"}}, {"model": "auth.user", "pk": 1, "fields": {"password": "pbkdf2_sha256$150000$VVhS5FLhgvZV$m9Btc4z2tbUYTaU7DLv82esAML5FYFCF5xaK9YOCtGo=", "last_login": "2019-12-02T20:17:03.106", "is_superuser": true, "username": "admin", "first_name": "", "last_name": "", "email": "admin@admin.net", "is_staff": true, "is_active": true, "date_joined": "2019-12-01T18:18:26.762", "groups": [], "user_permissions": []}}, {"model": "pessoas.cliente", "pk": 1, "fields": {"nome": "Rodrigo Sotto", "telefone": "(45) 9 9904-8090", "endereco": 4, "usuario": null}}, {"model": "pessoas.cliente", "pk": 2, "fields": {"nome": "Carlos Andre da Silva", "telefone": "(45) 30302222", "endereco": 5, "usuario": null}}, {"model": "pessoas.cliente", "pk": 3, "fields": {"nome": "Marcos da Silva", "telefone": "(45)9 9904-8399", "endereco": 6, "usuario": null}}, {"model": "admin.logentry", "pk": 1, "fields": {"action_time": "2019-12-01T20:28:14.080", "user": 1, "content_type": 12, "object_id": "11", "object_repr": "Calabresa Especial", "action_flag": 1, "change_message": "[{\"added\": {}}, {\"added\": {\"name\": \"Ingrediente\", \"object\": \"SaborPizzaIngrediente object (58)\"}}, {\"added\": {\"name\": \"Ingrediente\", \"object\": \"SaborPizzaIngrediente object (59)\"}}, {\"added\": {\"name\": \"Ingrediente\", \"object\": \"SaborPizzaIngrediente object (60)\"}}, {\"added\": {\"name\": \"Ingrediente\", \"object\": \"SaborPizzaIngrediente object (61)\"}}, {\"added\": {\"name\": \"Ingrediente\", \"object\": \"SaborPizzaIngrediente object (62)\"}}, {\"added\": {\"name\": \"Ingrediente\", \"object\": \"SaborPizzaIngrediente object (63)\"}}, {\"added\": {\"name\": \"Ingrediente\", \"object\": \"SaborPizzaIngrediente object (64)\"}}, {\"added\": {\"name\": \"Ingrediente\", \"object\": \"SaborPizzaIngrediente object (65)\"}}]"}}, {"model": "admin.logentry", "pk": 2, "fields": {"action_time": "2019-12-01T20:30:23.228", "user": 1, "content_type": 10, "object_id": "40", "object_repr": "Rucula", "action_flag": 1, "change_message": "[{\"added\": {}}]"}}, {"model": "admin.logentry", "pk": 3, "fields": {"action_time": "2019-12-01T20:30:36.194", "user": 1, "content_type": 12, "object_id": "12", "object_repr": "Tomate Seco", "action_flag": 1, "change_message": "[{\"added\": {}}, {\"added\": {\"name\": \"Ingrediente\", \"object\": \"SaborPizzaIngrediente object (66)\"}}, {\"added\": {\"name\": \"Ingrediente\", \"object\": \"SaborPizzaIngrediente object (67)\"}}, {\"added\": {\"name\": \"Ingrediente\", \"object\": \"SaborPizzaIngrediente object (68)\"}}, {\"added\": {\"name\": \"Ingrediente\", \"object\": \"SaborPizzaIngrediente object (69)\"}}, {\"added\": {\"name\": \"Ingrediente\", \"object\": \"SaborPizzaIngrediente object (70)\"}}, {\"added\": {\"name\": \"Ingrediente\", \"object\": \"SaborPizzaIngrediente object (71)\"}}]"}}, {"model": "admin.logentry", "pk": 4, "fields": {"action_time": "2019-12-01T20:32:01.314", "user": 1, "content_type": 10, "object_id": "41", "object_repr": "Atum", "action_flag": 1, "change_message": "[{\"added\": {}}]"}}, {"model": "admin.logentry", "pk": 5, "fields": {"action_time": "2019-12-01T20:34:08.813", "user": 1, "content_type": 12, "object_id": "13", "object_repr": "Atum", "action_flag": 1, "change_message": "[{\"added\": {}}, {\"added\": {\"name\": \"Ingrediente\", \"object\": \"SaborPizzaIngrediente object (72)\"}}, {\"added\": {\"name\": \"Ingrediente\", \"object\": \"SaborPizzaIngrediente object (73)\"}}, {\"added\": {\"name\": \"Ingrediente\", \"object\": \"SaborPizzaIngrediente object (74)\"}}, {\"added\": {\"name\": \"Ingrediente\", \"object\": \"SaborPizzaIngrediente object (75)\"}}, {\"added\": {\"name\": \"Ingrediente\", \"object\": \"SaborPizzaIngrediente object (76)\"}}, {\"added\": {\"name\": \"Ingrediente\", \"object\": \"SaborPizzaIngrediente object (77)\"}}, {\"added\": {\"name\": \"Ingrediente\", \"object\": \"SaborPizzaIngrediente object (78)\"}}, {\"added\": {\"name\": \"Ingrediente\", \"object\": \"SaborPizzaIngrediente object (79)\"}}, {\"added\": {\"name\": \"Ingrediente\", \"object\": \"SaborPizzaIngrediente object (80)\"}}]"}}, {"model": "admin.logentry", "pk": 6, "fields": {"action_time": "2019-12-01T20:34:53.389", "user": 1, "content_type": 12, "object_id": "13", "object_repr": "Atum", "action_flag": 2, "change_message": "[{\"changed\": {\"name\": \"Ingrediente\", \"object\": \"SaborPizzaIngrediente object (72)\", \"fields\": [\"quantidade\"]}}, {\"changed\": {\"name\": \"Ingrediente\", \"object\": \"SaborPizzaIngrediente object (73)\", \"fields\": [\"quantidade\"]}}, {\"changed\": {\"name\": \"Ingrediente\", \"object\": \"SaborPizzaIngrediente object (74)\", \"fields\": [\"quantidade\"]}}, {\"changed\": {\"name\": \"Ingrediente\", \"object\": \"SaborPizzaIngrediente object (75)\", \"fields\": [\"quantidade\"]}}, {\"changed\": {\"name\": \"Ingrediente\", \"object\": \"SaborPizzaIngrediente object (76)\", \"fields\": [\"quantidade\"]}}, {\"changed\": {\"name\": \"Ingrediente\", \"object\": \"SaborPizzaIngrediente object (77)\", \"fields\": [\"quantidade\"]}}, {\"changed\": {\"name\": \"Ingrediente\", \"object\": \"SaborPizzaIngrediente object (78)\", \"fields\": [\"quantidade\"]}}, {\"changed\": {\"name\": \"Ingrediente\", \"object\": \"SaborPizzaIngrediente object (79)\", \"fields\": [\"quantidade\"]}}, {\"changed\": {\"name\": \"Ingrediente\", \"object\": \"SaborPizzaIngrediente object (80)\", \"fields\": [\"quantidade\"]}}]"}}, {"model": "admin.logentry", "pk": 7, "fields": {"action_time": "2019-12-01T20:35:03.938", "user": 1, "content_type": 12, "object_id": "13", "object_repr": "Atum", "action_flag": 2, "change_message": "[{\"deleted\": {\"name\": \"Ingrediente\", \"object\": \"SaborPizzaIngrediente object (None)\"}}]"}}, {"model": "admin.logentry", "pk": 8, "fields": {"action_time": "2019-12-01T20:41:48.298", "user": 1, "content_type": 10, "object_id": "42", "object_repr": "Jalape\u00f1o", "action_flag": 1, "change_message": "[{\"added\": {}}]"}}, {"model": "admin.logentry", "pk": 9, "fields": {"action_time": "2019-12-01T20:42:03.166", "user": 1, "content_type": 12, "object_id": "14", "object_repr": "Mexicana", "action_flag": 1, "change_message": "[{\"added\": {}}, {\"added\": {\"name\": \"Ingrediente\", \"object\": \"SaborPizzaIngrediente object (81)\"}}, {\"added\": {\"name\": \"Ingrediente\", \"object\": \"SaborPizzaIngrediente object (82)\"}}, {\"added\": {\"name\": \"Ingrediente\", \"object\": \"SaborPizzaIngrediente object (83)\"}}, {\"added\": {\"name\": \"Ingrediente\", \"object\": \"SaborPizzaIngrediente object (84)\"}}, {\"added\": {\"name\": \"Ingrediente\", \"object\": \"SaborPizzaIngrediente object (85)\"}}, {\"added\": {\"name\": \"Ingrediente\", \"object\": \"SaborPizzaIngrediente object (86)\"}}, {\"added\": {\"name\": \"Ingrediente\", \"object\": \"SaborPizzaIngrediente object (87)\"}}]"}}, {"model": "admin.logentry", "pk": 10, "fields": {"action_time": "2019-12-01T20:45:48.490", "user": 1, "content_type": 10, "object_id": "43", "object_repr": "Mussarela  de B\u00fafala", "action_flag": 1, "change_message": "[{\"added\": {}}]"}}, {"model": "admin.logentry", "pk": 11, "fields": {"action_time": "2019-12-01T20:46:02.557", "user": 1, "content_type": 12, "object_id": "15", "object_repr": "Zuchine", "action_flag": 1, "change_message": "[{\"added\": {}}, {\"added\": {\"name\": \"Ingrediente\", \"object\": \"SaborPizzaIngrediente object (88)\"}}]"}}, {"model": "admin.logentry", "pk": 12, "fields": {"action_time": "2019-12-01T20:46:32.862", "user": 1, "content_type": 10, "object_id": "44", "object_repr": "Abobrinha", "action_flag": 1, "change_message": "[{\"added\": {}}]"}}, {"model": "admin.logentry", "pk": 13, "fields": {"action_time": "2019-12-01T20:47:19.913", "user": 1, "content_type": 10, "object_id": "45", "object_repr": "Alho", "action_flag": 1, "change_message": "[{\"added\": {}}]"}}, {"model": "admin.logentry", "pk": 14, "fields": {"action_time": "2019-12-01T20:47:50.817", "user": 1, "content_type": 12, "object_id": "15", "object_repr": "Zuchine", "action_flag": 2, "change_message": "[{\"added\": {\"name\": \"Ingrediente\", \"object\": \"SaborPizzaIngrediente object (89)\"}}, {\"added\": {\"name\": \"Ingrediente\", \"object\": \"SaborPizzaIngrediente object (90)\"}}, {\"added\": {\"name\": \"Ingrediente\", \"object\": \"SaborPizzaIngrediente object (91)\"}}, {\"added\": {\"name\": \"Ingrediente\", \"object\": \"SaborPizzaIngrediente object (92)\"}}, {\"added\": {\"name\": \"Ingrediente\", \"object\": \"SaborPizzaIngrediente object (93)\"}}, {\"added\": {\"name\": \"Ingrediente\", \"object\": \"SaborPizzaIngrediente object (94)\"}}, {\"added\": {\"name\": \"Ingrediente\", \"object\": \"SaborPizzaIngrediente object (95)\"}}, {\"changed\": {\"name\": \"Ingrediente\", \"object\": \"SaborPizzaIngrediente object (88)\", \"fields\": [\"quantidade\"]}}]"}}, {"model": "admin.logentry", "pk": 15, "fields": {"action_time": "2019-12-01T20:47:53.389", "user": 1, "content_type": 12, "object_id": "15", "object_repr": "Zuchine", "action_flag": 2, "change_message": "[]"}}, {"model": "admin.logentry", "pk": 16, "fields": {"action_time": "2019-12-02T10:33:26.122", "user": 1, "content_type": 12, "object_id": "4", "object_repr": "Bacon", "action_flag": 2, "change_message": "[{\"changed\": {\"fields\": [\"imagem\"]}}]"}}, {"model": "admin.logentry", "pk": 17, "fields": {"action_time": "2019-12-02T10:36:18.424", "user": 1, "content_type": 12, "object_id": "4", "object_repr": "Bacon", "action_flag": 2, "change_message": "[]"}}, {"model": "admin.logentry", "pk": 18, "fields": {"action_time": "2019-12-02T10:36:29.219", "user": 1, "content_type": 12, "object_id": "1", "object_repr": "Calabresa", "action_flag": 2, "change_message": "[{\"changed\": {\"fields\": [\"imagem\"]}}]"}}, {"model": "admin.logentry", "pk": 19, "fields": {"action_time": "2019-12-02T10:36:31.228", "user": 1, "content_type": 12, "object_id": "1", "object_repr": "Calabresa", "action_flag": 2, "change_message": "[]"}}, {"model": "admin.logentry", "pk": 20, "fields": {"action_time": "2019-12-02T10:36:51.909", "user": 1, "content_type": 12, "object_id": "5", "object_repr": "Marguerita", "action_flag": 2, "change_message": "[{\"changed\": {\"fields\": [\"imagem\"]}}]"}}, {"model": "admin.logentry", "pk": 21, "fields": {"action_time": "2019-12-02T10:36:57.112", "user": 1, "content_type": 12, "object_id": "5", "object_repr": "Marguerita", "action_flag": 2, "change_message": "[]"}}, {"model": "admin.logentry", "pk": 22, "fields": {"action_time": "2019-12-02T10:36:59.765", "user": 1, "content_type": 12, "object_id": "5", "object_repr": "Marguerita", "action_flag": 2, "change_message": "[]"}}, {"model": "admin.logentry", "pk": 23, "fields": {"action_time": "2019-12-02T10:37:09.583", "user": 1, "content_type": 12, "object_id": "3", "object_repr": "Quatro queijos", "action_flag": 2, "change_message": "[{\"changed\": {\"fields\": [\"imagem\"]}}]"}}, {"model": "admin.logentry", "pk": 24, "fields": {"action_time": "2019-12-02T10:37:14.174", "user": 1, "content_type": 12, "object_id": "3", "object_repr": "Quatro queijos", "action_flag": 2, "change_message": "[]"}}, {"model": "admin.logentry", "pk": 25, "fields": {"action_time": "2019-12-02T10:37:20.521", "user": 1, "content_type": 12, "object_id": "11", "object_repr": "Calabresa Especial", "action_flag": 2, "change_message": "[]"}}, {"model": "admin.logentry", "pk": 26, "fields": {"action_time": "2019-12-02T10:37:25.356", "user": 1, "content_type": 12, "object_id": "11", "object_repr": "Calabresa Especial", "action_flag": 2, "change_message": "[]"}}, {"model": "admin.logentry", "pk": 27, "fields": {"action_time": "2019-12-02T10:43:03.421", "user": 1, "content_type": 12, "object_id": "9", "object_repr": "Siciliana", "action_flag": 2, "change_message": "[{\"changed\": {\"fields\": [\"imagem\"]}}]"}}, {"model": "admin.logentry", "pk": 28, "fields": {"action_time": "2019-12-02T10:43:08.710", "user": 1, "content_type": 12, "object_id": "9", "object_repr": "Siciliana", "action_flag": 2, "change_message": "[]"}}, {"model": "admin.logentry", "pk": 29, "fields": {"action_time": "2019-12-02T10:43:15.345", "user": 1, "content_type": 12, "object_id": "12", "object_repr": "Tomate Seco", "action_flag": 2, "change_message": "[]"}}, {"model": "admin.logentry", "pk": 30, "fields": {"action_time": "2019-12-02T10:43:42.077", "user": 1, "content_type": 12, "object_id": "10", "object_repr": "Barbecue", "action_flag": 2, "change_message": "[{\"changed\": {\"fields\": [\"imagem\"]}}]"}}, {"model": "admin.logentry", "pk": 31, "fields": {"action_time": "2019-12-02T10:43:44.190", "user": 1, "content_type": 12, "object_id": "10", "object_repr": "Barbecue", "action_flag": 2, "change_message": "[]"}}, {"model": "admin.logentry", "pk": 32, "fields": {"action_time": "2019-12-02T10:44:33.017", "user": 1, "content_type": 12, "object_id": "2", "object_repr": "Fil\u00e9 com Fritas", "action_flag": 2, "change_message": "[{\"changed\": {\"fields\": [\"imagem\"]}}]"}}, {"model": "admin.logentry", "pk": 33, "fields": {"action_time": "2019-12-02T10:44:39.084", "user": 1, "content_type": 12, "object_id": "14", "object_repr": "Mexicana", "action_flag": 2, "change_message": "[]"}}, {"model": "admin.logentry", "pk": 34, "fields": {"action_time": "2019-12-02T10:44:42.237", "user": 1, "content_type": 12, "object_id": "2", "object_repr": "Fil\u00e9 com Fritas", "action_flag": 2, "change_message": "[]"}}, {"model": "admin.logentry", "pk": 35, "fields": {"action_time": "2019-12-02T10:44:47.252", "user": 1, "content_type": 12, "object_id": "15", "object_repr": "Zuchine", "action_flag": 2, "change_message": "[]"}}, {"model": "admin.logentry", "pk": 36, "fields": {"action_time": "2019-12-02T10:45:21.792", "user": 1, "content_type": 12, "object_id": "6", "object_repr": "Banana com canela", "action_flag": 2, "change_message": "[{\"changed\": {\"fields\": [\"imagem\"]}}]"}}, {"model": "admin.logentry", "pk": 37, "fields": {"action_time": "2019-12-02T10:45:25.342", "user": 1, "content_type": 12, "object_id": "6", "object_repr": "Banana com canela", "action_flag": 2, "change_message": "[]"}}, {"model": "admin.logentry", "pk": 38, "fields": {"action_time": "2019-12-02T10:45:39.008", "user": 1, "content_type": 12, "object_id": "7", "object_repr": "Chocolate", "action_flag": 2, "change_message": "[{\"changed\": {\"fields\": [\"imagem\"]}}]"}}, {"model": "admin.logentry", "pk": 39, "fields": {"action_time": "2019-12-02T10:45:53.165", "user": 1, "content_type": 12, "object_id": "8", "object_repr": "M&M c/ Chocolate", "action_flag": 2, "change_message": "[{\"changed\": {\"fields\": [\"imagem\"]}}]"}}, {"model": "admin.logentry", "pk": 40, "fields": {"action_time": "2019-12-02T10:45:55.939", "user": 1, "content_type": 12, "object_id": "8", "object_repr": "M&M c/ Chocolate", "action_flag": 2, "change_message": "[]"}}, {"model": "admin.logentry", "pk": 41, "fields": {"action_time": "2019-12-02T10:54:14.590", "user": 1, "content_type": 22, "object_id": "1", "object_repr": "December 02, 2019, 10:54 AM Rodrigo Sotto", "action_flag": 1, "change_message": "[{\"added\": {}}, {\"added\": {\"name\": \"item pizza\", \"object\": \"ItemPizza object (1)\"}}, {\"added\": {\"name\": \"item bebida\", \"object\": \"ItemBebida object (1)\"}}]"}}, {"model": "admin.logentry", "pk": 42, "fields": {"action_time": "2019-12-02T10:54:16.045", "user": 1, "content_type": 22, "object_id": "1", "object_repr": "December 02, 2019, 10:54 AM Rodrigo Sotto", "action_flag": 2, "change_message": "[]"}}, {"model": "admin.logentry", "pk": 43, "fields": {"action_time": "2019-12-02T15:32:31.563", "user": 1, "content_type": 22, "object_id": "2", "object_repr": "December 02, 2019, 03:32 PM Carlos Andre da Silva", "action_flag": 1, "change_message": "[{\"added\": {}}, {\"added\": {\"name\": \"item pizza\", \"object\": \"ItemPizza object (2)\"}}, {\"added\": {\"name\": \"item pizza\", \"object\": \"ItemPizza object (3)\"}}, {\"added\": {\"name\": \"item bebida\", \"object\": \"ItemBebida object (2)\"}}, {\"added\": {\"name\": \"item bebida\", \"object\": \"ItemBebida object (3)\"}}]"}}, {"model": "admin.logentry", "pk": 44, "fields": {"action_time": "2019-12-02T15:33:01.247", "user": 1, "content_type": 22, "object_id": "2", "object_repr": "December 02, 2019, 03:32 PM Carlos Andre da Silva", "action_flag": 2, "change_message": "[{\"changed\": {\"name\": \"item pizza\", \"object\": \"ItemPizza object (3)\", \"fields\": [\"sabores\"]}}]"}}, {"model": "admin.logentry", "pk": 45, "fields": {"action_time": "2019-12-02T15:48:30.810", "user": 1, "content_type": 22, "object_id": "3", "object_repr": "December 02, 2019, 03:48 PM Marcos da Silva", "action_flag": 1, "change_message": "[{\"added\": {}}, {\"added\": {\"name\": \"item pizza\", \"object\": \"ItemPizza object (4)\"}}, {\"added\": {\"name\": \"item bebida\", \"object\": \"ItemBebida object (4)\"}}]"}}, {"model": "admin.logentry", "pk": 46, "fields": {"action_time": "2019-12-02T19:11:01.185", "user": 1, "content_type": 22, "object_id": "4", "object_repr": "December 02, 2019, 07:11 PM Carlos Andre da Silva", "action_flag": 1, "change_message": "[{\"added\": {}}, {\"added\": {\"name\": \"item pizza\", \"object\": \"ItemPizza object (5)\"}}, {\"added\": {\"name\": \"item pizza\", \"object\": \"ItemPizza object (6)\"}}, {\"added\": {\"name\": \"item bebida\", \"object\": \"ItemBebida object (5)\"}}, {\"added\": {\"name\": \"item bebida\", \"object\": \"ItemBebida object (6)\"}}]"}}, {"model": "admin.logentry", "pk": 47, "fields": {"action_time": "2019-12-02T19:11:37.656", "user": 1, "content_type": 22, "object_id": "4", "object_repr": "December 02, 2019, 07:11 PM Carlos Andre da Silva", "action_flag": 2, "change_message": "[{\"changed\": {\"name\": \"item bebida\", \"object\": \"ItemBebida object (6)\", \"fields\": [\"bebida_tamanho\"]}}]"}}, {"model": "admin.logentry", "pk": 48, "fields": {"action_time": "2019-12-02T19:11:57.009", "user": 1, "content_type": 22, "object_id": "4", "object_repr": "December 02, 2019, 07:11 PM Carlos Andre da Silva", "action_flag": 2, "change_message": "[{\"changed\": {\"name\": \"item pizza\", \"object\": \"ItemPizza object (6)\", \"fields\": [\"sabores\"]}}]"}}, {"model": "admin.logentry", "pk": 49, "fields": {"action_time": "2019-12-02T19:12:16.570", "user": 1, "content_type": 22, "object_id": "4", "object_repr": "December 02, 2019, 07:11 PM Carlos Andre da Silva", "action_flag": 2, "change_message": "[{\"changed\": {\"name\": \"item pizza\", \"object\": \"ItemPizza object (6)\", \"fields\": [\"sabores\"]}}]"}}, {"model": "admin.logentry", "pk": 50, "fields": {"action_time": "2019-12-02T19:15:57.889", "user": 1, "content_type": 22, "object_id": "4", "object_repr": "December 02, 2019, 07:11 PM Carlos Andre da Silva", "action_flag": 2, "change_message": "[{\"changed\": {\"name\": \"item pizza\", \"object\": \"ItemPizza object (6)\", \"fields\": [\"sabores\"]}}]"}}, {"model": "admin.logentry", "pk": 51, "fields": {"action_time": "2019-12-02T20:17:19.277", "user": 1, "content_type": 22, "object_id": "4", "object_repr": "December 02, 2019, 07:11 PM Carlos Andre da Silva", "action_flag": 3, "change_message": ""}}, {"model": "admin.logentry", "pk": 52, "fields": {"action_time": "2019-12-02T20:18:58.152", "user": 1, "content_type": 20, "object_id": "1", "object_repr": "A VISTA", "action_flag": 2, "change_message": "[{\"changed\": {\"fields\": [\"nome\"]}}]"}}, {"model": "admin.logentry", "pk": 53, "fields": {"action_time": "2019-12-02T20:19:15.453", "user": 1, "content_type": 20, "object_id": "2", "object_repr": "CART\u00c3O DE CR\u00c9DITO", "action_flag": 2, "change_message": "[{\"changed\": {\"fields\": [\"nome\"]}}]"}}]